TIME;TIME;2011;2012;2013;2014;2015;2016;2017;2018;2019;2020
GEO (Labels);INDIC_IS (Labels);;;;;;;;;;
European Union - 27 countries (from 2020);Internet use: looking for information about education, training or course offers;28;:;30;:;31;:;:;:;:;:
European Union - 27 countries (from 2020);Internet use: sending/receiving e-mails;:;64;65;67;67;69;70;71;73;75
European Union - 27 countries (from 2020);Internet use: telephoning or video calls;20;25;24;28;28;30;37;41;52;63
European Union - 27 countries (from 2020);Internet use: participating in social networks (creating user profile, posting messages or other contributions to facebook, twitter, etc.);36;:;41;44;48;49;52;54;54;57
European Union - 27 countries (from 2020);Internet use: finding information about goods and services;55;60;58;62;60;63;64;68;66;70
European Union - 27 countries (from 2020);Internet use: consulting wikis (to obtain knowledge on any subject);38;:;44;:;44;:;:;:;:;:
European Union - 27 countries (from 2020);Internet use: reading online news sites/newspapers/news magazines;:;:;47;51;53;56;60;:;62;66
European Union - 27 countries (from 2020);Internet use: playing/downloading games, images, films or music;:;34;:;39;:;:;:;:;:;:
European Union - 27 countries (from 2020);Internet use: listening to web radios and/or watching web TV;:;32;:;:;:;:;:;:;:;:
European Union - 27 countries (from 2020);Internet use: seeking health information;38;:;44;:;45;47;50;51;53;56
European Union - 27 countries (from 2020);Internet use: playing/downloading games, listening to music or watching videos (excluding VOD);:;:;:;:;:;62;:;67;:;71
European Union - 28 countries (2013-2020);Internet use: looking for information about education, training or course offers;29;:;31;:;32;:;:;:;:;:
European Union - 28 countries (2013-2020);Internet use: sending/receiving e-mails;:;65;67;68;69;71;72;73;75;:
European Union - 28 countries (2013-2020);Internet use: telephoning or video calls;20;26;25;29;29;32;39;42;52;:
European Union - 28 countries (2013-2020);Internet use: participating in social networks (creating user profile, posting messages or other contributions to facebook, twitter, etc.);38;:;43;46;50;52;54;56;57;:
European Union - 28 countries (2013-2020);Internet use: finding information about goods and services;56;61;59;64;61;66;65;70;68;:
European Union - 28 countries (2013-2020);Internet use: consulting wikis (to obtain knowledge on any subject);38;:;44;:;45;:;:;:;:;:
European Union - 28 countries (2013-2020);Internet use: reading online news sites/newspapers/news magazines;:;:;48;52;54;57;61;:;63;:
European Union - 28 countries (2013-2020);Internet use: playing/downloading games, images, films or music;:;35;:;40;:;:;:;:;:;:
European Union - 28 countries (2013-2020);Internet use: listening to web radios and/or watching web TV;:;33;:;:;:;:;:;:;:;:
European Union - 28 countries (2013-2020);Internet use: seeking health information;38;:;44;:;46;48;51;52;55;:
European Union - 28 countries (2013-2020);Internet use: playing/downloading games, listening to music or watching videos (excluding VOD);:;:;:;:;:;64;:;69;:;:
European Union - 27 countries (2007-2013);Internet use: looking for information about education, training or course offers;29;:;31;:;32;:;:;:;:;:
European Union - 27 countries (2007-2013);Internet use: sending/receiving e-mails;:;65;67;68;69;71;72;73;:;:
European Union - 27 countries (2007-2013);Internet use: telephoning or video calls;20;26;25;29;29;32;39;42;:;:
European Union - 27 countries (2007-2013);Internet use: participating in social networks (creating user profile, posting messages or other contributions to facebook, twitter, etc.);38;:;43;46;50;52;54;56;:;:
European Union - 27 countries (2007-2013);Internet use: finding information about goods and services;56;61;59;64;61;66;66;70;:;:
European Union - 27 countries (2007-2013);Internet use: consulting wikis (to obtain knowledge on any subject);39;:;44;:;45;:;:;:;:;:
European Union - 27 countries (2007-2013);Internet use: reading online news sites/newspapers/news magazines;:;:;48;52;54;57;61;:;:;:
European Union - 27 countries (2007-2013);Internet use: playing/downloading games, images, films or music;:;35;:;40;:;:;:;:;:;:
European Union - 27 countries (2007-2013);Internet use: listening to web radios and/or watching web TV;:;33;:;:;:;:;:;:;:;:
European Union - 27 countries (2007-2013);Internet use: seeking health information;38;:;44;:;46;48;51;52;:;:
European Union - 27 countries (2007-2013);Internet use: playing/downloading games, listening to music or watching videos (excluding VOD);:;:;:;:;:;64;:;69;:;:
European Union - 25 countries (2004-2006);Internet use: looking for information about education, training or course offers;:;:;:;:;:;:;:;:;:;:
European Union - 25 countries (2004-2006);Internet use: sending/receiving e-mails;:;:;:;:;:;:;:;:;:;:
European Union - 25 countries (2004-2006);Internet use: telephoning or video calls;:;:;:;:;:;:;:;:;:;:
European Union - 25 countries (2004-2006);Internet use: participating in social networks (creating user profile, posting messages or other contributions to facebook, twitter, etc.);:;:;:;:;:;:;:;:;:;:
European Union - 25 countries (2004-2006);Internet use: finding information about goods and services;:;:;:;:;:;:;:;:;:;:
European Union - 25 countries (2004-2006);Internet use: consulting wikis (to obtain knowledge on any subject);:;:;:;:;:;:;:;:;:;:
European Union - 25 countries (2004-2006);Internet use: reading online news sites/newspapers/news magazines;:;:;:;:;:;:;:;:;:;:
European Union - 25 countries (2004-2006);Internet use: playing/downloading games, images, films or music;:;:;:;:;:;:;:;:;:;:
European Union - 25 countries (2004-2006);Internet use: listening to web radios and/or watching web TV;:;:;:;:;:;:;:;:;:;:
European Union - 25 countries (2004-2006);Internet use: seeking health information;:;:;:;:;:;:;:;:;:;:
European Union - 25 countries (2004-2006);Internet use: playing/downloading games, listening to music or watching videos (excluding VOD);:;:;:;:;:;:;:;:;:;:
European Union - 15 countries (1995-2004);Internet use: looking for information about education, training or course offers;30;:;33;:;35;:;:;:;:;:
European Union - 15 countries (1995-2004);Internet use: sending/receiving e-mails;:;69;71;72;72;74;76;77;:;:
European Union - 15 countries (1995-2004);Internet use: telephoning or video calls;19;25;24;28;28;32;39;42;:;:
European Union - 15 countries (1995-2004);Internet use: participating in social networks (creating user profile, posting messages or other contributions to facebook, twitter, etc.);39;:;44;47;51;53;55;56;:;:
European Union - 15 countries (1995-2004);Internet use: finding information about goods and services;60;65;63;68;66;68;68;72;:;:
European Union - 15 countries (1995-2004);Internet use: consulting wikis (to obtain knowledge on any subject);43;:;49;:;49;:;:;:;:;:
European Union - 15 countries (1995-2004);Internet use: reading online news sites/newspapers/news magazines;:;:;51;53;55;58;61;:;:;:
European Union - 15 countries (1995-2004);Internet use: playing/downloading games, images, films or music;:;37;:;43;:;:;:;:;:;:
European Union - 15 countries (1995-2004);Internet use: listening to web radios and/or watching web TV;:;34;:;:;:;:;:;:;:;:
European Union - 15 countries (1995-2004);Internet use: seeking health information;40;:;47;:;49;50;53;53;:;:
European Union - 15 countries (1995-2004);Internet use: playing/downloading games, listening to music or watching videos (excluding VOD);:;:;:;:;:;67;:;72;:;:
Euro area (EA11-1999, EA12-2001, EA13-2007, EA15-2008, EA16-2009, EA17-2011, EA18-2014, EA19-2015);Internet use: looking for information about education, training or course offers;30;:;33;:;34;:;:;:;:;:
Euro area (EA11-1999, EA12-2001, EA13-2007, EA15-2008, EA16-2009, EA17-2011, EA18-2014, EA19-2015);Internet use: sending/receiving e-mails;:;66;68;69;70;71;72;74;76;78
Euro area (EA11-1999, EA12-2001, EA13-2007, EA15-2008, EA16-2009, EA17-2011, EA18-2014, EA19-2015);Internet use: telephoning or video calls;19;23;24;27;27;29;36;41;52;64
Euro area (EA11-1999, EA12-2001, EA13-2007, EA15-2008, EA16-2009, EA17-2011, EA18-2014, EA19-2015);Internet use: participating in social networks (creating user profile, posting messages or other contributions to facebook, twitter, etc.);36;:;41;44;48;49;51;52;52;56
Euro area (EA11-1999, EA12-2001, EA13-2007, EA15-2008, EA16-2009, EA17-2011, EA18-2014, EA19-2015);Internet use: finding information about goods and services;58;63;61;65;63;65;66;70;68;71
Euro area (EA11-1999, EA12-2001, EA13-2007, EA15-2008, EA16-2009, EA17-2011, EA18-2014, EA19-2015);Internet use: consulting wikis (to obtain knowledge on any subject);42;:;49;:;47;:;:;:;:;:
Euro area (EA11-1999, EA12-2001, EA13-2007, EA15-2008, EA16-2009, EA17-2011, EA18-2014, EA19-2015);Internet use: reading online news sites/newspapers/news magazines;:;:;48;51;53;56;59;:;62;66
Euro area (EA11-1999, EA12-2001, EA13-2007, EA15-2008, EA16-2009, EA17-2011, EA18-2014, EA19-2015);Internet use: playing/downloading games, images, films or music;:;34;:;41;:;:;:;:;:;:
Euro area (EA11-1999, EA12-2001, EA13-2007, EA15-2008, EA16-2009, EA17-2011, EA18-2014, EA19-2015);Internet use: listening to web radios and/or watching web TV;:;32;:;:;:;:;:;:;:;:
Euro area (EA11-1999, EA12-2001, EA13-2007, EA15-2008, EA16-2009, EA17-2011, EA18-2014, EA19-2015);Internet use: seeking health information;41;:;47;:;48;49;51;52;55;59
Euro area (EA11-1999, EA12-2001, EA13-2007, EA15-2008, EA16-2009, EA17-2011, EA18-2014, EA19-2015);Internet use: playing/downloading games, listening to music or watching videos (excluding VOD);:;:;:;:;:;65;:;69;:;74
Belgium;Internet use: looking for information about education, training or course offers;22;:;20;:;24;:;:;:;:;:
Belgium;Internet use: sending/receiving e-mails;:;74;76;77;78;79;81;80;80;84
Belgium;Internet use: telephoning or video calls;19;26;31;36;36;38;41;39;58;68
Belgium;Internet use: participating in social networks (creating user profile, posting messages or other contributions to facebook, twitter, etc.);40;:;47;52;67;69;72;73;76;79
Belgium;Internet use: finding information about goods and services;:;65;67;71;70;72;74;75;76;78
Belgium;Internet use: consulting wikis (to obtain knowledge on any subject);31;:;37;:;43;:;:;:;:;:
Belgium;Internet use: reading online news sites/newspapers/news magazines;:;:;:;53;52;56;56;:;59;65
Belgium;Internet use: playing/downloading games, images, films or music;:;51;:;55;:;:;:;:;:;:
Belgium;Internet use: listening to web radios and/or watching web TV;:;27;:;:;:;:;:;:;:;:
Belgium;Internet use: seeking health information;35;:;43;:;47;49;52;46;49;51
Belgium;Internet use: playing/downloading games, listening to music or watching videos (excluding VOD);:;:;:;:;:;62;:;65;:;72
Bulgaria;Internet use: looking for information about education, training or course offers;22;:;22;:;20;:;:;:;:;:
Bulgaria;Internet use: sending/receiving e-mails;:;42;43;44;44;43;45;40;40;43
Bulgaria;Internet use: telephoning or video calls;26;40;34;46;47;48;54;54;58;59
Bulgaria;Internet use: participating in social networks (creating user profile, posting messages or other contributions to facebook, twitter, etc.);30;:;37;40;42;45;50;51;53;55
Bulgaria;Internet use: finding information about goods and services;28;36;35;41;35;38;39;43;38;50
Bulgaria;Internet use: consulting wikis (to obtain knowledge on any subject);15;:;12;:;24;:;:;:;:;:
Bulgaria;Internet use: reading online news sites/newspapers/news magazines;:;:;38;41;40;41;47;:;45;41
Bulgaria;Internet use: playing/downloading games, images, films or music;:;30;:;32;:;:;:;:;:;:
Bulgaria;Internet use: listening to web radios and/or watching web TV;:;26;:;:;:;:;:;:;:;:
Bulgaria;Internet use: seeking health information;24;:;27;:;28;24;34;25;30;29
Bulgaria;Internet use: playing/downloading games, listening to music or watching videos (excluding VOD);:;:;:;:;:;38;:;42;:;43
Czechia;Internet use: looking for information about education, training or course offers;12;:;12;:;21;:;:;:;:;:
Czechia;Internet use: sending/receiving e-mails;:;69;70;74;76;77;79;80;82;83
Czechia;Internet use: telephoning or video calls;34;40;39;36;33;33;36;42;45;52
Czechia;Internet use: participating in social networks (creating user profile, posting messages or other contributions to facebook, twitter, etc.);27;:;36;40;41;45;48;56;59;59
Czechia;Internet use: finding information about goods and services;56;62;63;69;68;74;73;77;76;77
Czechia;Internet use: consulting wikis (to obtain knowledge on any subject);20;:;31;:;37;:;:;:;:;:
Czechia;Internet use: reading online news sites/newspapers/news magazines;:;:;63;69;70;:;77;:;80;79
Czechia;Internet use: playing/downloading games, images, films or music;:;25;:;45;:;:;:;:;:;:
Czechia;Internet use: listening to web radios and/or watching web TV;:;30;:;:;:;:;:;:;:;:
Czechia;Internet use: seeking health information;31;:;41;:;40;46;51;55;56;62
Czechia;Internet use: playing/downloading games, listening to music or watching videos (excluding VOD);:;:;:;:;:;59;:;60;:;69
Denmark;Internet use: looking for information about education, training or course offers;45;:;41;:;53;:;:;:;:;:
Denmark;Internet use: sending/receiving e-mails;:;86;88;90;79;93;94;94;94;96
Denmark;Internet use: telephoning or video calls;34;40;37;47;44;58;60;67;56;70
Denmark;Internet use: participating in social networks (creating user profile, posting messages or other contributions to facebook, twitter, etc.);55;:;64;66;65;74;75;79;81;85
Denmark;Internet use: finding information about goods and services;72;82;82;84;77;86;79;88;85;90
Denmark;Internet use: consulting wikis (to obtain knowledge on any subject);50;:;56;:;61;:;:;:;:;:
Denmark;Internet use: reading online news sites/newspapers/news magazines;:;:;70;71;66;70;83;:;82;86
Denmark;Internet use: playing/downloading games, images, films or music;:;53;:;55;:;:;:;:;:;:
Denmark;Internet use: listening to web radios and/or watching web TV;:;50;:;:;:;:;:;:;:;:
Denmark;Internet use: seeking health information;54;:;54;:;66;65;64;66;67;72
Denmark;Internet use: playing/downloading games, listening to music or watching videos (excluding VOD);:;:;:;:;:;87;:;88;:;91
Germany (until 1990 former territory of the FRG);Internet use: looking for information about education, training or course offers;36;:;36;:;37;:;:;:;:;:
Germany (until 1990 former territory of the FRG);Internet use: sending/receiving e-mails;:;76;78;80;81;83;84;85;86;87
Germany (until 1990 former territory of the FRG);Internet use: telephoning or video calls;18;22;23;24;27;28;49;53;55;65
Germany (until 1990 former territory of the FRG);Internet use: participating in social networks (creating user profile, posting messages or other contributions to facebook, twitter, etc.);42;:;42;42;57;50;51;53;53;54
Germany (until 1990 former territory of the FRG);Internet use: finding information about goods and services;70;75;77;79;80;82;83;86;86;87
Germany (until 1990 former territory of the FRG);Internet use: consulting wikis (to obtain knowledge on any subject);58;:;62;:;66;:;:;:;:;:
Germany (until 1990 former territory of the FRG);Internet use: reading online news sites/newspapers/news magazines;:;:;57;61;63;64;67;:;71;76
Germany (until 1990 former territory of the FRG);Internet use: playing/downloading games, images, films or music;:;40;:;45;:;:;:;:;:;:
Germany (until 1990 former territory of the FRG);Internet use: listening to web radios and/or watching web TV;:;31;:;:;:;:;:;:;:;:
Germany (until 1990 former territory of the FRG);Internet use: seeking health information;54;:;58;:;62;63;63;64;66;70
Germany (until 1990 former territory of the FRG);Internet use: playing/downloading games, listening to music or watching videos (excluding VOD);:;:;:;:;:;70;:;75;:;83
Estonia;Internet use: looking for information about education, training or course offers;34;:;33;:;43;:;:;:;:;:
Estonia;Internet use: sending/receiving e-mails;:;70;67;72;79;77;78;82;82;82
Estonia;Internet use: telephoning or video calls;38;46;47;43;41;41;44;44;53;63
Estonia;Internet use: participating in social networks (creating user profile, posting messages or other contributions to facebook, twitter, etc.);37;:;49;51;56;57;60;62;65;65
Estonia;Internet use: finding information about goods and services;54;70;60;76;75;77;75;80;78;81
Estonia;Internet use: consulting wikis (to obtain knowledge on any subject);41;:;45;:;55;:;:;:;:;:
Estonia;Internet use: reading online news sites/newspapers/news magazines;:;:;73;76;80;78;79;:;81;80
Estonia;Internet use: playing/downloading games, images, films or music;:;43;:;41;:;:;:;:;:;:
Estonia;Internet use: listening to web radios and/or watching web TV;:;39;:;:;:;:;:;:;:;:
Estonia;Internet use: seeking health information;33;:;39;:;55;57;59;60;60;58
Estonia;Internet use: playing/downloading games, listening to music or watching videos (excluding VOD);:;:;:;:;:;74;:;74;:;77
Ireland;Internet use: looking for information about education, training or course offers;38;:;33;:;32;:;:;:;:;:
Ireland;Internet use: sending/receiving e-mails;:;66;67;67;67;68;69;69;77;78
Ireland;Internet use: telephoning or video calls;21;29;26;29;29;35;39;38;46;67
Ireland;Internet use: participating in social networks (creating user profile, posting messages or other contributions to facebook, twitter, etc.);40;:;48;50;53;58;59;60;64;61
Ireland;Internet use: finding information about goods and services;53;63;61;68;64;68;70;73;77;72
Ireland;Internet use: consulting wikis (to obtain knowledge on any subject);22;:;27;:;26;:;:;:;:;:
Ireland;Internet use: reading online news sites/newspapers/news magazines;:;:;33;37;38;41;53;:;67;67
Ireland;Internet use: playing/downloading games, images, films or music;:;17;:;34;:;:;:;:;:;:
Ireland;Internet use: listening to web radios and/or watching web TV;:;32;:;:;:;:;:;:;:;:
Ireland;Internet use: seeking health information;40;:;38;:;35;36;37;47;57;60
Ireland;Internet use: playing/downloading games, listening to music or watching videos (excluding VOD);:;:;:;:;:;60;:;66;:;75
Greece;Internet use: looking for information about education, training or course offers;20;:;21;:;32;:;:;:;:;:
Greece;Internet use: sending/receiving e-mails;:;41;46;50;52;52;53;54;59;58
Greece;Internet use: telephoning or video calls;16;21;26;28;29;32;33;44;51;57
Greece;Internet use: participating in social networks (creating user profile, posting messages or other contributions to facebook, twitter, etc.);28;:;36;41;44;47;50;53;57;59
Greece;Internet use: finding information about goods and services;39;45;50;52;54;57;57;65;67;69
Greece;Internet use: consulting wikis (to obtain knowledge on any subject);27;:;32;:;34;:;:;:;:;:
Greece;Internet use: reading online news sites/newspapers/news magazines;:;:;46;54;57;59;61;:;66;69
Greece;Internet use: playing/downloading games, images, films or music;:;28;:;33;:;:;:;:;:;:
Greece;Internet use: listening to web radios and/or watching web TV;:;31;:;:;:;:;:;:;:;:
Greece;Internet use: seeking health information;30;:;34;:;37;41;47;47;50;52
Greece;Internet use: playing/downloading games, listening to music or watching videos (excluding VOD);:;:;:;:;:;53;:;57;:;62
Spain;Internet use: looking for information about education, training or course offers;42;:;46;:;51;:;:;:;:;:
Spain;Internet use: sending/receiving e-mails;:;61;62;64;64;64;68;69;72;76
Spain;Internet use: telephoning or video calls;15;23;20;24;23;25;30;33;55;78
Spain;Internet use: participating in social networks (creating user profile, posting messages or other contributions to facebook, twitter, etc.);35;:;46;51;51;54;57;58;59;65
Spain;Internet use: finding information about goods and services;46;60;48;66;55;67;63;72;73;78
Spain;Internet use: consulting wikis (to obtain knowledge on any subject);38;:;44;:;53;:;:;:;:;:
Spain;Internet use: reading online news sites/newspapers/news magazines;:;:;50;59;62;63;66;:;71;76
Spain;Internet use: playing/downloading games, images, films or music;:;34;:;40;:;:;:;:;:;:
Spain;Internet use: listening to web radios and/or watching web TV;:;35;:;:;:;:;:;:;:;:
Spain;Internet use: seeking health information;38;:;44;:;52;49;57;55;60;67
Spain;Internet use: playing/downloading games, listening to music or watching videos (excluding VOD);:;:;:;:;:;67;:;74;:;82
France;Internet use: looking for information about education, training or course offers;20;:;31;:;26;:;:;:;:;:
France;Internet use: sending/receiving e-mails;:;72;74;73;74;76;76;77;79;:
France;Internet use: telephoning or video calls;19;23;24;:;26;29;29;31;48;:
France;Internet use: participating in social networks (creating user profile, posting messages or other contributions to facebook, twitter, etc.);36;:;38;39;38;40;43;42;42;:
France;Internet use: finding information about goods and services;67;69;68;69;69;65;67;70;62;:
France;Internet use: consulting wikis (to obtain knowledge on any subject);39;:;51;:;27;:;:;:;:;:
France;Internet use: reading online news sites/newspapers/news magazines;:;:;41;39;42;48;53;:;54;:
France;Internet use: playing/downloading games, images, films or music;:;33;:;39;:;:;:;:;:;:
France;Internet use: listening to web radios and/or watching web TV;:;34;:;:;:;:;:;:;:;:
France;Internet use: seeking health information;36;:;49;:;40;43;44;46;50;:
France;Internet use: playing/downloading games, listening to music or watching videos (excluding VOD);:;:;:;:;:;64;:;65;:;:
Croatia;Internet use: looking for information about education, training or course offers;31;:;37;:;38;:;:;:;:;:
Croatia;Internet use: sending/receiving e-mails;:;49;48;47;53;58;48;59;59;66
Croatia;Internet use: telephoning or video calls;14;26;23;26;30;33;42;52;48;57
Croatia;Internet use: participating in social networks (creating user profile, posting messages or other contributions to facebook, twitter, etc.);32;:;38;40;45;50;47;54;58;57
Croatia;Internet use: finding information about goods and services;43;52;46;44;57;66;59;66;74;71
Croatia;Internet use: consulting wikis (to obtain knowledge on any subject);21;:;35;:;46;:;:;:;:;:
Croatia;Internet use: reading online news sites/newspapers/news magazines;:;:;56;54;62;66;61;:;72;72
Croatia;Internet use: playing/downloading games, images, films or music;:;35;:;23;:;:;:;:;:;:
Croatia;Internet use: listening to web radios and/or watching web TV;:;29;:;:;:;:;:;:;:;:
Croatia;Internet use: seeking health information;35;:;35;:;50;53;53;51;63;58
Croatia;Internet use: playing/downloading games, listening to music or watching videos (excluding VOD);:;:;:;:;:;62;:;66;:;71
Italy;Internet use: looking for information about education, training or course offers;21;:;26;:;25;:;:;:;:;:
Italy;Internet use: sending/receiving e-mails;:;48;51;53;53;54;55;57;59;63
Italy;Internet use: telephoning or video calls;17;18;21;24;22;24;28;35;49;65
Italy;Internet use: participating in social networks (creating user profile, posting messages or other contributions to facebook, twitter, etc.);26;:;32;36;38;42;43;46;42;48
Italy;Internet use: finding information about goods and services;41;41;37;35;37;35;38;40;40;48
Italy;Internet use: consulting wikis (to obtain knowledge on any subject);29;:;35;:;38;:;:;:;:;:
Italy;Internet use: reading online news sites/newspapers/news magazines;:;:;40;37;37;41;39;:;44;49
Italy;Internet use: playing/downloading games, images, films or music;:;22;:;32;:;:;:;:;:;:
Italy;Internet use: listening to web radios and/or watching web TV;:;21;:;:;:;:;:;:;:;:
Italy;Internet use: seeking health information;27;:;32;:;30;31;33;35;35;46
Italy;Internet use: playing/downloading games, listening to music or watching videos (excluding VOD);:;:;:;:;:;55;:;59;:;63
Cyprus;Internet use: looking for information about education, training or course offers;15;:;19;:;22;:;:;:;:;:
Cyprus;Internet use: sending/receiving e-mails;:;46;49;51;53;53;51;54;56;66
Cyprus;Internet use: telephoning or video calls;30;35;38;41;45;54;57;63;72;85
Cyprus;Internet use: participating in social networks (creating user profile, posting messages or other contributions to facebook, twitter, etc.);33;:;44;50;54;60;63;69;72;78
Cyprus;Internet use: finding information about goods and services;48;55;56;62;54;62;61;72;72;78
Cyprus;Internet use: consulting wikis (to obtain knowledge on any subject);31;:;31;:;44;:;:;:;:;:
Cyprus;Internet use: reading online news sites/newspapers/news magazines;:;:;48;50;57;56;65;:;70;72
Cyprus;Internet use: playing/downloading games, images, films or music;:;37;:;38;:;:;:;:;:;:
Cyprus;Internet use: listening to web radios and/or watching web TV;:;29;:;:;:;:;:;:;:;:
Cyprus;Internet use: seeking health information;28;:;32;:;50;43;58;57;69;61
Cyprus;Internet use: playing/downloading games, listening to music or watching videos (excluding VOD);:;:;:;:;:;65;:;74;:;86
Latvia;Internet use: looking for information about education, training or course offers;30;:;31;:;29;:;:;:;:;:
Latvia;Internet use: sending/receiving e-mails;:;63;65;64;69;69;70;70;72;76
Latvia;Internet use: telephoning or video calls;41;45;45;43;44;41;42;52;57;61
Latvia;Internet use: participating in social networks (creating user profile, posting messages or other contributions to facebook, twitter, etc.);55;:;54;53;58;57;60;61;65;67
Latvia;Internet use: finding information about goods and services;52;63;52;53;54;60;57;63;62;71
Latvia;Internet use: consulting wikis (to obtain knowledge on any subject);29;:;24;:;22;:;:;:;:;:
Latvia;Internet use: reading online news sites/newspapers/news magazines;:;:;64;65;69;67;68;:;68;73
Latvia;Internet use: playing/downloading games, images, films or music;:;39;:;39;:;:;:;:;:;:
Latvia;Internet use: listening to web radios and/or watching web TV;:;32;:;:;:;:;:;:;:;:
Latvia;Internet use: seeking health information;38;:;37;:;41;39;43;37;48;49
Latvia;Internet use: playing/downloading games, listening to music or watching videos (excluding VOD);:;:;:;:;:;61;:;63;:;72
Lithuania;Internet use: looking for information about education, training or course offers;23;:;24;:;24;:;:;:;:;:
Lithuania;Internet use: sending/receiving e-mails;:;53;55;59;57;58;61;60;62;66
Lithuania;Internet use: telephoning or video calls;43;47;48;57;51;52;55;59;61;64
Lithuania;Internet use: participating in social networks (creating user profile, posting messages or other contributions to facebook, twitter, etc.);35;:;44;47;46;50;54;58;61;61
Lithuania;Internet use: finding information about goods and services;54;57;56;65;57;62;62;68;69;73
Lithuania;Internet use: consulting wikis (to obtain knowledge on any subject);25;:;30;:;33;:;:;:;:;:
Lithuania;Internet use: reading online news sites/newspapers/news magazines;:;:;62;68;67;69;72;:;74;74
Lithuania;Internet use: playing/downloading games, images, films or music;:;31;:;33;:;:;:;:;:;:
Lithuania;Internet use: listening to web radios and/or watching web TV;:;30;:;:;:;:;:;:;:;:
Lithuania;Internet use: seeking health information;37;:;41;:;46;45;55;54;61;57
Lithuania;Internet use: playing/downloading games, listening to music or watching videos (excluding VOD);:;:;:;:;:;57;:;67;:;70
Luxembourg;Internet use: looking for information about education, training or course offers;45;:;47;:;60;:;:;:;:;:
Luxembourg;Internet use: sending/receiving e-mails;:;87;88;89;91;93;92;84;83;84
Luxembourg;Internet use: telephoning or video calls;31;36;43;40;46;53;55;47;53;76
Luxembourg;Internet use: participating in social networks (creating user profile, posting messages or other contributions to facebook, twitter, etc.);46;:;57;60;68;67;68;64;63;60
Luxembourg;Internet use: finding information about goods and services;66;84;70;82;76;86;82;76;67;68
Luxembourg;Internet use: consulting wikis (to obtain knowledge on any subject);67;:;75;:;79;:;:;:;:;:
Luxembourg;Internet use: reading online news sites/newspapers/news magazines;:;:;77;81;82;87;85;:;72;73
Luxembourg;Internet use: playing/downloading games, images, films or music;:;49;:;56;:;:;:;:;:;:
Luxembourg;Internet use: listening to web radios and/or watching web TV;:;48;:;:;:;:;:;:;:;:
Luxembourg;Internet use: seeking health information;52;:;58;:;62;71;65;53;58;53
Luxembourg;Internet use: playing/downloading games, listening to music or watching videos (excluding VOD);:;:;:;:;:;87;:;69;:;81
Hungary;Internet use: looking for information about education, training or course offers;33;:;34;:;29;:;:;:;:;:
Hungary;Internet use: sending/receiving e-mails;:;67;68;71;68;73;69;69;72;75
Hungary;Internet use: telephoning or video calls;23;31;28;40;40;42;45;45;61;68
Hungary;Internet use: participating in social networks (creating user profile, posting messages or other contributions to facebook, twitter, etc.);51;:;56;60;61;66;65;65;69;74
Hungary;Internet use: finding information about goods and services;54;59;58;66;61;70;65;69;69;76
Hungary;Internet use: consulting wikis (to obtain knowledge on any subject);29;:;29;:;44;:;:;:;:;:
Hungary;Internet use: reading online news sites/newspapers/news magazines;:;:;60;65;62;70;65;:;67;70
Hungary;Internet use: playing/downloading games, images, films or music;:;36;:;35;:;:;:;:;:;:
Hungary;Internet use: listening to web radios and/or watching web TV;:;30;:;:;:;:;:;:;:;:
Hungary;Internet use: seeking health information;48;:;49;:;53;54;58;56;60;63
Hungary;Internet use: playing/downloading games, listening to music or watching videos (excluding VOD);:;:;:;:;:;64;:;63;:;76
Malta;Internet use: looking for information about education, training or course offers;39;:;42;:;51;:;:;:;:;:
Malta;Internet use: sending/receiving e-mails;:;60;56;61;65;63;65;67;69;73
Malta;Internet use: telephoning or video calls;24;25;30;29;35;38;46;48;55;63
Malta;Internet use: participating in social networks (creating user profile, posting messages or other contributions to facebook, twitter, etc.);45;:;51;53;60;64;70;70;71;72
Malta;Internet use: finding information about goods and services;53;57;50;64;61;65;71;71;72;77
Malta;Internet use: consulting wikis (to obtain knowledge on any subject);37;:;34;:;47;:;:;:;:;:
Malta;Internet use: reading online news sites/newspapers/news magazines;:;:;49;55;62;62;67;:;70;74
Malta;Internet use: playing/downloading games, images, films or music;:;37;:;41;:;:;:;:;:;:
Malta;Internet use: listening to web radios and/or watching web TV;:;33;:;:;:;:;:;:;:;:
Malta;Internet use: seeking health information;39;:;41;:;53;56;60;59;62;64
Malta;Internet use: playing/downloading games, listening to music or watching videos (excluding VOD);:;:;:;:;:;70;:;72;:;83
Netherlands;Internet use: looking for information about education, training or course offers;31;:;29;:;36;:;:;:;:;:
Netherlands;Internet use: sending/receiving e-mails;:;89;90;90;90;90;93;92;93;92
Netherlands;Internet use: telephoning or video calls;38;39;29;32;31;37;44;58;61;83
Netherlands;Internet use: participating in social networks (creating user profile, posting messages or other contributions to facebook, twitter, etc.);46;:;55;59;59;62;67;66;67;71
Netherlands;Internet use: finding information about goods and services;82;83;83;85;84;85;88;89;89;89
Netherlands;Internet use: consulting wikis (to obtain knowledge on any subject);53;:;63;:;57;:;:;:;:;:
Netherlands;Internet use: reading online news sites/newspapers/news magazines;:;:;56;57;55;70;76;:;75;82
Netherlands;Internet use: playing/downloading games, images, films or music;:;55;:;61;:;:;:;:;:;:
Netherlands;Internet use: listening to web radios and/or watching web TV;:;56;:;:;:;:;:;:;:;:
Netherlands;Internet use: seeking health information;53;:;57;:;61;63;71;72;74;76
Netherlands;Internet use: playing/downloading games, listening to music or watching videos (excluding VOD);:;:;:;:;:;82;:;87;:;91
Austria;Internet use: looking for information about education, training or course offers;39;:;35;:;29;:;:;:;:;:
Austria;Internet use: sending/receiving e-mails;:;73;74;73;75;77;78;78;79;79
Austria;Internet use: telephoning or video calls;23;23;21;23;26;27;37;39;41;60
Austria;Internet use: participating in social networks (creating user profile, posting messages or other contributions to facebook, twitter, etc.);35;:;37;44;45;49;51;53;56;60
Austria;Internet use: finding information about goods and services;62;71;67;69;62;70;63;61;62;67
Austria;Internet use: consulting wikis (to obtain knowledge on any subject);53;:;55;:;57;:;:;:;:;:
Austria;Internet use: reading online news sites/newspapers/news magazines;:;:;41;54;57;56;63;:;58;64
Austria;Internet use: playing/downloading games, images, films or music;:;32;:;34;:;:;:;:;:;:
Austria;Internet use: listening to web radios and/or watching web TV;:;26;:;:;:;:;:;:;:;:
Austria;Internet use: seeking health information;53;:;49;:;54;56;54;52;53;56
Austria;Internet use: playing/downloading games, listening to music or watching videos (excluding VOD);:;:;:;:;:;66;:;70;:;75
Poland;Internet use: looking for information about education, training or course offers;17;:;18;:;18;:;:;:;:;:
Poland;Internet use: sending/receiving e-mails;:;51;51;53;54;58;60;61;65;66
Poland;Internet use: telephoning or video calls;21;24;24;28;28;28;32;34;49;55
Poland;Internet use: participating in social networks (creating user profile, posting messages or other contributions to facebook, twitter, etc.);36;:;35;37;41;44;48;50;53;55
Poland;Internet use: finding information about goods and services;44;48;45;50;42;57;58;64;62;63
Poland;Internet use: consulting wikis (to obtain knowledge on any subject);27;:;29;:;30;:;:;:;:;:
Poland;Internet use: reading online news sites/newspapers/news magazines;:;:;27;47;47;58;60;:;60;65
Poland;Internet use: playing/downloading games, images, films or music;:;28;:;28;:;:;:;:;:;:
Poland;Internet use: listening to web radios and/or watching web TV;:;29;:;:;:;:;:;:;:;:
Poland;Internet use: seeking health information;23;:;27;:;28;40;45;48;47;43
Poland;Internet use: playing/downloading games, listening to music or watching videos (excluding VOD);:;:;:;:;:;50;:;58;:;57
Portugal;Internet use: looking for information about education, training or course offers;33;:;35;:;39;:;:;:;:;:
Portugal;Internet use: sending/receiving e-mails;:;53;53;54;56;57;59;63;64;68
Portugal;Internet use: telephoning or video calls;14;19;23;24;26;28;32;34;40;55
Portugal;Internet use: participating in social networks (creating user profile, posting messages or other contributions to facebook, twitter, etc.);32;:;44;47;48;52;56;59;60;63
Portugal;Internet use: finding information about goods and services;41;51;46;56;52;59;60;64;65;68
Portugal;Internet use: consulting wikis (to obtain knowledge on any subject);32;:;36;:;41;:;:;:;:;:
Portugal;Internet use: reading online news sites/newspapers/news magazines;:;:;45;48;53;55;59;:;62;67
Portugal;Internet use: playing/downloading games, images, films or music;:;29;:;32;:;:;:;:;:;:
Portugal;Internet use: listening to web radios and/or watching web TV;:;32;:;:;:;:;:;:;:;:
Portugal;Internet use: seeking health information;36;:;42;:;47;49;51;45;49;49
Portugal;Internet use: playing/downloading games, listening to music or watching videos (excluding VOD);:;:;:;:;:;59;:;62;:;65
Romania;Internet use: looking for information about education, training or course offers;25;:;22;:;19;:;:;:;:;:
Romania;Internet use: sending/receiving e-mails;:;38;42;43;43;42;45;42;43;40
Romania;Internet use: telephoning or video calls;11;22;10;23;24;27;34;36;49;56
Romania;Internet use: participating in social networks (creating user profile, posting messages or other contributions to facebook, twitter, etc.);25;:;33;36;44;44;52;61;60;65
Romania;Internet use: finding information about goods and services;27;31;26;36;26;35;31;41;33;46
Romania;Internet use: consulting wikis (to obtain knowledge on any subject);15;:;14;:;17;:;:;:;:;:
Romania;Internet use: reading online news sites/newspapers/news magazines;:;:;29;38;37;38;44;:;40;37
Romania;Internet use: playing/downloading games, images, films or music;:;22;:;25;:;:;:;:;:;:
Romania;Internet use: listening to web radios and/or watching web TV;:;21;:;:;:;:;:;:;:;:
Romania;Internet use: seeking health information;29;:;27;:;27;29;33;31;31;28
Romania;Internet use: playing/downloading games, listening to music or watching videos (excluding VOD);:;:;:;:;:;40;:;45;:;46
Slovenia;Internet use: looking for information about education, training or course offers;33;:;32;:;31;:;:;:;:;:
Slovenia;Internet use: sending/receiving e-mails;:;57;63;62;63;66;69;70;72;78
Slovenia;Internet use: telephoning or video calls;17;20;26;29;26;32;37;40;42;52
Slovenia;Internet use: participating in social networks (creating user profile, posting messages or other contributions to facebook, twitter, etc.);32;:;38;42;37;38;45;49;52;67
Slovenia;Internet use: finding information about goods and services;54;59;55;62;61;65;69;69;70;77
Slovenia;Internet use: consulting wikis (to obtain knowledge on any subject);34;:;40;:;38;:;:;:;:;:
Slovenia;Internet use: reading online news sites/newspapers/news magazines;:;:;57;58;56;60;61;:;63;71
Slovenia;Internet use: playing/downloading games, images, films or music;:;34;:;34;:;:;:;:;:;:
Slovenia;Internet use: listening to web radios and/or watching web TV;:;40;:;:;:;:;:;:;:;:
Slovenia;Internet use: seeking health information;47;:;50;:;47;48;54;48;48;58
Slovenia;Internet use: playing/downloading games, listening to music or watching videos (excluding VOD);:;:;:;:;:;59;:;67;:;75
Slovakia;Internet use: looking for information about education, training or course offers;25;:;29;:;30;:;:;:;:;:
Slovakia;Internet use: sending/receiving e-mails;:;70;71;69;67;71;71;67;71;76
Slovakia;Internet use: telephoning or video calls;40;47;40;44;42;46;45;41;55;63
Slovakia;Internet use: participating in social networks (creating user profile, posting messages or other contributions to facebook, twitter, etc.);48;:;49;50;54;57;59;60;59;64
Slovakia;Internet use: finding information about goods and services;54;58;56;60;57;61;58;64;60;78
Slovakia;Internet use: consulting wikis (to obtain knowledge on any subject);30;:;29;:;36;:;:;:;:;:
Slovakia;Internet use: reading online news sites/newspapers/news magazines;:;:;43;52;51;59;63;:;60;69
Slovakia;Internet use: playing/downloading games, images, films or music;:;32;:;28;:;:;:;:;:;:
Slovakia;Internet use: listening to web radios and/or watching web TV;:;28;:;:;:;:;:;:;:;:
Slovakia;Internet use: seeking health information;38;:;44;:;47;45;50;49;53;56
Slovakia;Internet use: playing/downloading games, listening to music or watching videos (excluding VOD);:;:;:;:;:;56;:;53;:;66
Finland;Internet use: looking for information about education, training or course offers;34;:;32;:;32;:;:;:;:;:
Finland;Internet use: sending/receiving e-mails;:;81;83;86;86;85;89;89;90;93
Finland;Internet use: telephoning or video calls;15;21;22;28;27;32;35;44;65;78
Finland;Internet use: participating in social networks (creating user profile, posting messages or other contributions to facebook, twitter, etc.);45;:;51;56;58;62;66;67;67;75
Finland;Internet use: finding information about goods and services;76;81;79;85;82;85;85;84;87;85
Finland;Internet use: consulting wikis (to obtain knowledge on any subject);63;:;70;:;71;:;:;:;:;:
Finland;Internet use: reading online news sites/newspapers/news magazines;:;:;79;78;82;80;84;:;81;90
Finland;Internet use: playing/downloading games, images, films or music;:;58;:;65;:;:;:;:;:;:
Finland;Internet use: listening to web radios and/or watching web TV;:;52;:;:;:;:;:;:;:;:
Finland;Internet use: seeking health information;58;:;60;:;66;65;69;69;76;77
Finland;Internet use: playing/downloading games, listening to music or watching videos (excluding VOD);:;:;:;:;:;85;:;88;:;92
Sweden;Internet use: looking for information about education, training or course offers;34;:;35;:;35;:;:;:;:;:
Sweden;Internet use: sending/receiving e-mails;:;86;87;86;83;88;91;86;91;90
Sweden;Internet use: telephoning or video calls;27;38;39;49;39;48;56;53;63;73
Sweden;Internet use: participating in social networks (creating user profile, posting messages or other contributions to facebook, twitter, etc.);54;:;57;65;62;70;71;70;72;73
Sweden;Internet use: finding information about goods and services;75;83;81;86;73;83;84;83;83;88
Sweden;Internet use: consulting wikis (to obtain knowledge on any subject);58;:;67;:;61;:;:;:;:;:
Sweden;Internet use: reading online news sites/newspapers/news magazines;:;:;80;82;76;81;85;:;80;84
Sweden;Internet use: playing/downloading games, images, films or music;:;56;:;53;:;:;:;:;:;:
Sweden;Internet use: listening to web radios and/or watching web TV;:;63;:;:;:;:;:;:;:;:
Sweden;Internet use: seeking health information;47;:;56;:;52;60;64;62;62;67
Sweden;Internet use: playing/downloading games, listening to music or watching videos (excluding VOD);:;:;:;:;:;85;:;85;:;89
Iceland;Internet use: looking for information about education, training or course offers;54;:;54;:;:;:;:;:;:;:
Iceland;Internet use: sending/receiving e-mails;:;93;93;93;:;:;93;95;95;95
Iceland;Internet use: telephoning or video calls;44;52;61;50;:;:;53;55;64;74
Iceland;Internet use: participating in social networks (creating user profile, posting messages or other contributions to facebook, twitter, etc.);72;:;79;83;:;:;89;91;92;94
Iceland;Internet use: finding information about goods and services;81;88;86;89;:;:;89;92;92;94
Iceland;Internet use: consulting wikis (to obtain knowledge on any subject);51;:;62;:;:;:;:;:;:;:
Iceland;Internet use: reading online news sites/newspapers/news magazines;:;:;83;93;:;:;93;:;95;96
Iceland;Internet use: playing/downloading games, images, films or music;:;54;:;53;:;:;:;:;:;:
Iceland;Internet use: listening to web radios and/or watching web TV;:;25;:;:;:;:;:;:;:;:
Iceland;Internet use: seeking health information;61;:;65;:;:;:;56;63;65;69
Iceland;Internet use: playing/downloading games, listening to music or watching videos (excluding VOD);:;:;:;:;:;:;:;92;:;97
Norway;Internet use: looking for information about education, training or course offers;42;:;40;:;47;:;:;:;:;:
Norway;Internet use: sending/receiving e-mails;:;89;88;90;91;92;93;94;94;94
Norway;Internet use: telephoning or video calls;24;36;36;43;45;47;53;56;64;79
Norway;Internet use: participating in social networks (creating user profile, posting messages or other contributions to facebook, twitter, etc.);59;:;68;71;73;76;83;82;86;88
Norway;Internet use: finding information about goods and services;78;88;79;88;82;88;83;91;90;91
Norway;Internet use: consulting wikis (to obtain knowledge on any subject);70;:;69;:;73;:;:;:;:;:
Norway;Internet use: reading online news sites/newspapers/news magazines;:;:;87;89;90;92;90;:;91;93
Norway;Internet use: playing/downloading games, images, films or music;:;54;:;54;:;:;:;:;:;:
Norway;Internet use: listening to web radios and/or watching web TV;:;64;:;:;:;:;:;:;:;:
Norway;Internet use: seeking health information;52;:;54;:;64;61;63;66;69;74
Norway;Internet use: playing/downloading games, listening to music or watching videos (excluding VOD);:;:;:;:;:;87;:;88;:;93
Switzerland;Internet use: looking for information about education, training or course offers;:;:;:;:;:;:;:;:;:;:
Switzerland;Internet use: sending/receiving e-mails;:;:;:;84;:;:;88;:;91;:
Switzerland;Internet use: telephoning or video calls;:;:;:;34;:;:;43;:;69;:
Switzerland;Internet use: participating in social networks (creating user profile, posting messages or other contributions to facebook, twitter, etc.);:;:;:;43;:;:;53;:;53;:
Switzerland;Internet use: finding information about goods and services;:;:;:;72;:;:;78;:;81;:
Switzerland;Internet use: consulting wikis (to obtain knowledge on any subject);:;:;:;:;:;:;:;:;:;:
Switzerland;Internet use: reading online news sites/newspapers/news magazines;:;:;:;68;:;:;74;:;76;:
Switzerland;Internet use: playing/downloading games, images, films or music;:;:;:;:;:;:;:;:;:;:
Switzerland;Internet use: listening to web radios and/or watching web TV;:;:;:;:;:;:;:;:;:;:
Switzerland;Internet use: seeking health information;:;:;:;:;:;:;64;:;67;:
Switzerland;Internet use: playing/downloading games, listening to music or watching videos (excluding VOD);:;:;:;:;:;:;:;:;:;:
United Kingdom;Internet use: looking for information about education, training or course offers;32;:;34;:;40;:;:;:;:;:
United Kingdom;Internet use: sending/receiving e-mails;:;78;79;80;81;83;86;88;89;87
United Kingdom;Internet use: telephoning or video calls;:;35;27;30;39;46;50;49;54;52
United Kingdom;Internet use: participating in social networks (creating user profile, posting messages or other contributions to facebook, twitter, etc.);50;:;58;60;66;69;71;70;73;76
United Kingdom;Internet use: finding information about goods and services;66;72;70;78;74;80;75;81;81;85
United Kingdom;Internet use: consulting wikis (to obtain knowledge on any subject);41;:;46;:;54;:;:;:;:;:
United Kingdom;Internet use: reading online news sites/newspapers/news magazines;:;:;58;59;65;64;68;:;70;74
United Kingdom;Internet use: playing/downloading games, images, films or music;:;43;:;47;:;:;:;:;:;:
United Kingdom;Internet use: listening to web radios and/or watching web TV;:;41;:;:;:;:;:;:;:;:
United Kingdom;Internet use: seeking health information;36;:;45;:;53;56;57;58;67;63
United Kingdom;Internet use: playing/downloading games, listening to music or watching videos (excluding VOD);:;:;:;:;:;76;:;83;:;:
Montenegro;Internet use: looking for information about education, training or course offers;:;:;:;:;:;:;:;:;:;:
Montenegro;Internet use: sending/receiving e-mails;:;47;:;:;:;:;49;50;52;53
Montenegro;Internet use: telephoning or video calls;:;35;:;:;:;:;59;60;62;73
Montenegro;Internet use: participating in social networks (creating user profile, posting messages or other contributions to facebook, twitter, etc.);:;:;:;:;:;:;58;60;62;67
Montenegro;Internet use: finding information about goods and services;:;17;:;:;:;:;40;45;38;47
Montenegro;Internet use: consulting wikis (to obtain knowledge on any subject);:;:;:;:;:;:;:;:;:;:
Montenegro;Internet use: reading online news sites/newspapers/news magazines;:;:;:;:;:;:;51;:;56;61
Montenegro;Internet use: playing/downloading games, images, films or music;:;24;:;:;:;:;:;:;:;:
Montenegro;Internet use: listening to web radios and/or watching web TV;:;23;:;:;:;:;:;:;:;:
Montenegro;Internet use: seeking health information;:;:;:;:;:;:;43;43;45;37
Montenegro;Internet use: playing/downloading games, listening to music or watching videos (excluding VOD);:;:;:;:;:;:;:;50;:;60
North Macedonia;Internet use: looking for information about education, training or course offers;:;:;27;:;29;:;:;:;:;:
North Macedonia;Internet use: sending/receiving e-mails;:;42;45;45;44;39;43;42;47;45
North Macedonia;Internet use: telephoning or video calls;:;43;40;46;51;54;57;60;65;74
North Macedonia;Internet use: participating in social networks (creating user profile, posting messages or other contributions to facebook, twitter, etc.);:;:;55;54;59;60;62;65;68;70
North Macedonia;Internet use: finding information about goods and services;:;37;34;42;30;39;38;50;53;52
North Macedonia;Internet use: consulting wikis (to obtain knowledge on any subject);:;:;17;:;27;:;:;:;:;:
North Macedonia;Internet use: reading online news sites/newspapers/news magazines;:;:;44;46;53;47;51;:;54;48
North Macedonia;Internet use: playing/downloading games, images, films or music;:;30;:;30;:;:;:;:;:;:
North Macedonia;Internet use: listening to web radios and/or watching web TV;:;31;:;:;:;:;:;:;:;:
North Macedonia;Internet use: seeking health information;:;:;35;:;38;40;44;39;45;41
North Macedonia;Internet use: playing/downloading games, listening to music or watching videos (excluding VOD);:;:;:;:;:;58;:;53;:;55
Albania;Internet use: looking for information about education, training or course offers;:;:;:;:;:;:;:;:;:;:
Albania;Internet use: sending/receiving e-mails;:;:;:;:;:;:;:;18;:;:
Albania;Internet use: telephoning or video calls;:;:;:;:;:;:;:;57;:;:
Albania;Internet use: participating in social networks (creating user profile, posting messages or other contributions to facebook, twitter, etc.);:;:;:;:;:;:;:;48;:;:
Albania;Internet use: finding information about goods and services;:;:;:;:;:;:;:;28;:;:
Albania;Internet use: consulting wikis (to obtain knowledge on any subject);:;:;:;:;:;:;:;:;:;:
Albania;Internet use: reading online news sites/newspapers/news magazines;:;:;:;:;:;:;:;:;:;:
Albania;Internet use: playing/downloading games, images, films or music;:;:;:;:;:;:;:;:;:;:
Albania;Internet use: listening to web radios and/or watching web TV;:;:;:;:;:;:;:;:;:;:
Albania;Internet use: seeking health information;:;:;:;:;:;:;:;30;:;:
Albania;Internet use: playing/downloading games, listening to music or watching videos (excluding VOD);:;:;:;:;:;:;:;46;:;:
Serbia;Internet use: looking for information about education, training or course offers;:;:;:;:;37;:;:;:;:;:
Serbia;Internet use: sending/receiving e-mails;:;:;:;:;43;:;39;39;44;38
Serbia;Internet use: telephoning or video calls;:;:;:;:;34;:;46;49;63;63
Serbia;Internet use: participating in social networks (creating user profile, posting messages or other contributions to facebook, twitter, etc.);:;:;:;:;49;:;48;52;55;56
Serbia;Internet use: finding information about goods and services;:;:;:;:;44;:;53;56;53;55
Serbia;Internet use: consulting wikis (to obtain knowledge on any subject);:;:;:;:;40;:;:;:;:;:
Serbia;Internet use: reading online news sites/newspapers/news magazines;:;:;:;:;41;:;53;:;54;58
Serbia;Internet use: playing/downloading games, images, films or music;:;:;:;:;:;:;:;:;:;:
Serbia;Internet use: listening to web radios and/or watching web TV;:;:;:;:;:;:;:;:;:;:
Serbia;Internet use: seeking health information;:;:;:;:;37;:;52;40;54;45
Serbia;Internet use: playing/downloading games, listening to music or watching videos (excluding VOD);:;:;:;:;:;:;:;63;:;60
Turkey;Internet use: looking for information about education, training or course offers;:;:;20;:;21;:;:;:;:;:
Turkey;Internet use: sending/receiving e-mails;:;29;27;26;25;27;30;32;34;34
Turkey;Internet use: telephoning or video calls;:;18;24;18;20;24;40;49;61;68
Turkey;Internet use: participating in social networks (creating user profile, posting messages or other contributions to facebook, twitter, etc.);:;:;32;38;41;48;54;60;60;62
Turkey;Internet use: finding information about goods and services;:;26;26;33;30;38;43;48;48;52
Turkey;Internet use: consulting wikis (to obtain knowledge on any subject);:;:;14;:;24;:;:;:;:;:
Turkey;Internet use: reading online news sites/newspapers/news magazines;:;:;33;36;36;41;44;:;52;53
Turkey;Internet use: playing/downloading games, images, films or music;:;21;:;28;:;:;:;:;:;:
Turkey;Internet use: listening to web radios and/or watching web TV;:;17;:;:;:;:;:;:;:;:
Turkey;Internet use: seeking health information;:;:;26;:;34;38;45;49;51;51
Turkey;Internet use: playing/downloading games, listening to music or watching videos (excluding VOD);:;:;:;:;:;50;:;61;:;64
Bosnia and Herzegovina;Internet use: looking for information about education, training or course offers;:;:;:;:;:;:;:;:;:;:
Bosnia and Herzegovina;Internet use: sending/receiving e-mails;:;:;:;:;:;:;:;31;32;37
Bosnia and Herzegovina;Internet use: telephoning or video calls;:;:;:;:;:;:;:;56;60;66
Bosnia and Herzegovina;Internet use: participating in social networks (creating user profile, posting messages or other contributions to facebook, twitter, etc.);:;:;:;:;:;:;:;46;46;50
Bosnia and Herzegovina;Internet use: finding information about goods and services;:;:;:;:;:;:;:;51;40;49
Bosnia and Herzegovina;Internet use: consulting wikis (to obtain knowledge on any subject);:;:;:;:;:;:;:;:;:;:
Bosnia and Herzegovina;Internet use: reading online news sites/newspapers/news magazines;:;:;:;:;:;:;:;:;44;48
Bosnia and Herzegovina;Internet use: playing/downloading games, images, films or music;:;:;:;:;:;:;:;:;:;:
Bosnia and Herzegovina;Internet use: listening to web radios and/or watching web TV;:;:;:;:;:;:;:;:;:;:
Bosnia and Herzegovina;Internet use: seeking health information;:;:;:;:;:;:;:;36;25;31
Bosnia and Herzegovina;Internet use: playing/downloading games, listening to music or watching videos (excluding VOD);:;:;:;:;:;:;:;47;:;53
Kosovo (under United Nations Security Council Resolution 1244/99);Internet use: looking for information about education, training or course offers;:;:;:;:;:;:;:;:;:;:
Kosovo (under United Nations Security Council Resolution 1244/99);Internet use: sending/receiving e-mails;:;:;:;:;:;:;33;31;24;29
Kosovo (under United Nations Security Council Resolution 1244/99);Internet use: telephoning or video calls;:;:;:;:;:;:;80;85;81;94
Kosovo (under United Nations Security Council Resolution 1244/99);Internet use: participating in social networks (creating user profile, posting messages or other contributions to facebook, twitter, etc.);:;:;:;:;:;:;56;63;68;83
Kosovo (under United Nations Security Council Resolution 1244/99);Internet use: finding information about goods and services;:;:;:;:;:;:;31;32;37;71
Kosovo (under United Nations Security Council Resolution 1244/99);Internet use: consulting wikis (to obtain knowledge on any subject);:;:;:;:;:;:;:;:;:;:
Kosovo (under United Nations Security Council Resolution 1244/99);Internet use: reading online news sites/newspapers/news magazines;:;:;:;:;:;:;58;:;59;76
Kosovo (under United Nations Security Council Resolution 1244/99);Internet use: playing/downloading games, images, films or music;:;:;:;:;:;:;:;:;:;:
Kosovo (under United Nations Security Council Resolution 1244/99);Internet use: listening to web radios and/or watching web TV;:;:;:;:;:;:;:;:;:;:
Kosovo (under United Nations Security Council Resolution 1244/99);Internet use: seeking health information;:;:;:;:;:;:;53;43;49;50
Kosovo (under United Nations Security Council Resolution 1244/99);Internet use: playing/downloading games, listening to music or watching videos (excluding VOD);:;:;:;:;:;:;:;71;:;83
Canada;Internet use: looking for information about education, training or course offers;:;:;:;:;:;:;:;:;:;:
Canada;Internet use: sending/receiving e-mails;:;:;:;:;:;:;:;:;:;:
Canada;Internet use: telephoning or video calls;:;:;:;:;:;:;:;:;:;:
Canada;Internet use: participating in social networks (creating user profile, posting messages or other contributions to facebook, twitter, etc.);:;:;:;:;:;:;:;:;:;:
Canada;Internet use: finding information about goods and services;:;:;:;:;:;:;:;:;:;:
Canada;Internet use: consulting wikis (to obtain knowledge on any subject);:;:;:;:;:;:;:;:;:;:
Canada;Internet use: reading online news sites/newspapers/news magazines;:;:;:;:;:;:;:;:;:;:
Canada;Internet use: playing/downloading games, images, films or music;:;:;:;:;:;:;:;:;:;:
Canada;Internet use: listening to web radios and/or watching web TV;:;:;:;:;:;:;:;:;:;:
Canada;Internet use: seeking health information;:;:;:;:;:;:;:;:;:;:
Canada;Internet use: playing/downloading games, listening to music or watching videos (excluding VOD);:;:;:;:;:;:;:;:;:;:
United States;Internet use: looking for information about education, training or course offers;:;:;:;:;:;:;:;:;:;:
United States;Internet use: sending/receiving e-mails;:;:;:;:;:;:;:;:;:;:
United States;Internet use: telephoning or video calls;:;:;:;:;:;:;:;:;:;:
United States;Internet use: participating in social networks (creating user profile, posting messages or other contributions to facebook, twitter, etc.);:;:;:;:;:;:;:;:;:;:
United States;Internet use: finding information about goods and services;:;:;:;:;:;:;:;:;:;:
United States;Internet use: consulting wikis (to obtain knowledge on any subject);:;:;:;:;:;:;:;:;:;:
United States;Internet use: reading online news sites/newspapers/news magazines;:;:;:;:;:;:;:;:;:;:
United States;Internet use: playing/downloading games, images, films or music;:;:;:;:;:;:;:;:;:;:
United States;Internet use: listening to web radios and/or watching web TV;:;:;:;:;:;:;:;:;:;:
United States;Internet use: seeking health information;:;:;:;:;:;:;:;:;:;:
United States;Internet use: playing/downloading games, listening to music or watching videos (excluding VOD);:;:;:;:;:;:;:;:;:;:
Japan;Internet use: looking for information about education, training or course offers;:;:;:;:;:;:;:;:;:;:
Japan;Internet use: sending/receiving e-mails;:;:;:;:;:;:;:;:;:;:
Japan;Internet use: telephoning or video calls;:;:;:;:;:;:;:;:;:;:
Japan;Internet use: participating in social networks (creating user profile, posting messages or other contributions to facebook, twitter, etc.);:;:;:;:;:;:;:;:;:;:
Japan;Internet use: finding information about goods and services;:;:;:;:;:;:;:;:;:;:
Japan;Internet use: consulting wikis (to obtain knowledge on any subject);:;:;:;:;:;:;:;:;:;:
Japan;Internet use: reading online news sites/newspapers/news magazines;:;:;:;:;:;:;:;:;:;:
Japan;Internet use: playing/downloading games, images, films or music;:;:;:;:;:;:;:;:;:;:
Japan;Internet use: listening to web radios and/or watching web TV;:;:;:;:;:;:;:;:;:;:
Japan;Internet use: seeking health information;:;:;:;:;:;:;:;:;:;:
Japan;Internet use: playing/downloading games, listening to music or watching videos (excluding VOD);:;:;:;:;:;:;:;:;:;:
South Korea;Internet use: looking for information about education, training or course offers;:;:;:;:;:;:;:;:;:;:
South Korea;Internet use: sending/receiving e-mails;:;:;:;:;:;:;:;:;:;:
South Korea;Internet use: telephoning or video calls;:;:;:;:;:;:;:;:;:;:
South Korea;Internet use: participating in social networks (creating user profile, posting messages or other contributions to facebook, twitter, etc.);:;:;:;:;:;:;:;:;:;:
South Korea;Internet use: finding information about goods and services;:;:;:;:;:;:;:;:;:;:
South Korea;Internet use: consulting wikis (to obtain knowledge on any subject);:;:;:;:;:;:;:;:;:;:
South Korea;Internet use: reading online news sites/newspapers/news magazines;:;:;:;:;:;:;:;:;:;:
South Korea;Internet use: playing/downloading games, images, films or music;:;:;:;:;:;:;:;:;:;:
South Korea;Internet use: listening to web radios and/or watching web TV;:;:;:;:;:;:;:;:;:;:
South Korea;Internet use: seeking health information;:;:;:;:;:;:;:;:;:;:
South Korea;Internet use: playing/downloading games, listening to music or watching videos (excluding VOD);:;:;:;:;:;:;:;:;:;:
;;;;;;;;;;;
Special value;;;;;;;;;;;
:;not available;;;;;;;;;;
